Morpho_ID,Sample_Number,Morphospecies,Class,Order,Family,Genus,Species,Species_Name,Common_Name,ID_Level,Trophic,Size,Hunting Style,Intro_Native,Duplicates,In_Database,NOTES
1,No_Sample,Fly_5,Insecta,Diptera,NA,NA,NA,NA,Fly,Order,Unknown,Unknown,NA,Unknown,NA,Yes,
2,No_Sample,Red_Hemiptera,Insecta,Hemiptera,NA,NA,NA,NA,True_Bug,Order,Unknown,Unknown,NA,Unknown,NA,Yes,
3,No_Sample,Large_Orb_Weaving,Arachnida,Araneae,Araneidae,NA,NA,NA,Orb_Weaving_Spiders,Family,Predator,NA,Web,Unknown,NA,Yes,
4,No_Sample,Medium_Spider,Arachnida,Araneae,NA,NA,NA,NA,Spider,Order,Predator,NA,Web,Unknown,NA,Yes,
5,No_Sample,Small_Hemi_Red,Insecta,Hemiptera,NA,NA,NA,NA,True_Bug,Order,Unknown,Unknown,NA,Unknown,NA,Yes,
6,No_Sample,Hemi_Light,Insecta,Hemiptera,NA,NA,NA,NA,True_Bug,Order,Unknown,Unknown,NA,Unknown,NA,Yes,
7,No_Sample,Pale_Psyllid,Insecta,Hemiptera,NA,NA,NA,NA,Psyllid,Order,Herbivore,Unknown,NA,Unknown,NA,Yes,
8,No_Sample,Grasshopper_Medium,Insecta,Orthoptera,NA,NA,NA,NA,Grasshopper,Order,Herbivore,Unknown,NA,Unknown,NA,Yes,
9,No_Sample,Brown_Mottled_Moth,Insecta,Lepidoptera,NA,NA,NA,NA,Moth,Order,Herbivore,Unknown,NA,Unknown,NA,Yes,
10,No_Sample,Medium_Black_Beetle,Insecta,Coleoptera,NA,NA,NA,NA,Beetle,Order,Unknown,Unknown,NA,Unknown,NA,Yes,
11,No_Sample,Pale_Fly,Insecta,Diptera,NA,NA,NA,NA,Fly,Order,Unknown,Unknown,NA,Unknown,NA,Yes,
12,No_Sample,Red_Fly,Insecta,Diptera,NA,NA,NA,NA,Fly,Order,Unknown,Unknown,NA,Unknown,NA,Yes,
13,No_Sample,Black_Jumping_Spider,Arachnida,Araneae,Salticidae,NA,NA,NA,Jumping_Spider,Family,Predator,NA,Active_Hunting,Unknown,NA,Yes,
14,No_Sample,Small_Ant_2,Insecta,Hymenoptera,Formicidae,NA,NA,NA,Ant,Family,Unknown,Unknown,NA,Unknown,NA,Yes,
15,No_Sample,Spider_Brown,Arachnida,Araneae,NA,NA,NA,NA,Spider,Order,Predator,NA,Unknown,Unknown,NA,Yes,
16,No_Sample,Brown/Orange_Leaf_Hopper,Insecta,Hemiptera,Cicadellidae,NA,NA,NA,Leafhopper,Family,Herbivore,Unknown,NA,Unknown,NA,Yes,
17,No_Sample,Small_Yellow_Butterfly,Insecta,Lepidoptera,Pieridae, Terias,NA,NA,Butterfly,Genus,Herbivore,Unknown,NA,Unknown,NA,Yes,
18,No_Sample,Spider_Medium_Mottled,Arachnida,Araneae,NA,NA,NA,NA,Spider,Order,Predator,NA,Unknown,Unknown,NA,Yes,
19,No_Sample,Spider_Brown_2,Arachnida,Araneae,NA,NA,NA,NA,Spider,Order,Predator,NA,Unknown,Unknown,NA,Yes,
20,No_Sample,Little_Hemi,Insecta,Hemiptera,NA,NA,NA,NA,True_Bug,Order,Unknown,Unknown,NA,Unknown,NA,Yes,
21,No_Sample,Fly_Unknown,Insecta,Diptera,NA,NA,NA,NA,Fly,Order,Unknown,Unknown,NA,Unknown,NA,Yes,
22,No_Sample,Fly_Unknown2,Insecta,Diptera,NA,NA,NA,NA,Fly,Order,Unknown,Unknown,NA,Unknown,NA,Yes,
23,No_Sample,Moth_Unknown,Insecta,Lepidoptera,NA,NA,NA,NA,Moth,Order,Herbivore,Unknown,NA,Unknown,NA,Yes,
24,No_Sample,Brown_Round_Beetle,Insecta,Coleoptera,NA,NA,NA,NA,Beetle,Order,Unknown,Unknown,NA,Unknown,NA,Yes,
25,No_Sample,Coleoptera_Oval_Black,Insecta,Coleoptera,NA,NA,NA,NA,Beetle,Order,Unknown,Unknown,NA,Unknown,NA,Yes,
26,No_Sample,Dark_Mirid_Red_Eyes,Insecta,Hemiptera,Miridae,NA,NA,NA,Mirid,Family,Herbivore,Unknown,NA,Unknown,NA,Yes,
27,No_Sample,Fly_Small_Yellow,Insecta,Diptera,NA,NA,NA,NA,Fly,Order,Unknown,Unknown,NA,Unknown,NA,Yes,
28,No_Sample,Fly_Small_Black,Insecta,Diptera,NA,NA,NA,NA,Fly,Order,Unknown,Unknown,NA,Unknown,NA,Yes,
29,No_Sample,Tiny_White_Spider,Arachnida,Araneae,NA,NA,NA,NA,Spider,Order,Predator,NA,Unknown,Unknown,NA,Yes,
30,No_Sample,Flying_Ant_Black_White_Spots,Insecta,Hymenoptera,Formicidae,NA,NA,NA,Ant,Family,Unknown,Unknown,NA,Unknown,NA,Yes,
31,No_Sample,Small_Dusky-Blue,Insecta,Lepidoptera,Lycaenidae,Erina,erina,Erina_erina,Small_Dusky-Blue,Species,Herbivore,Unknown,NA,Native,NA,Yes,
32,No_Sample,Black_Fly,Insecta,Diptera,NA,NA,NA,NA,Fly,Order,Unknown,Unknown,NA,Unknown,NA,Yes,
33,No_Sample,Small_Brown_Moth,Insecta,Lepidoptera,NA,NA,NA,NA,Moth,Order,Herbivore,Unknown,NA,Unknown,NA,Yes,
34,No_Sample,Fly_Dark_With_Pale_Orange,Insecta,Diptera,NA,NA,NA,NA,Fly,Order,Unknown,Unknown,NA,Unknown,NA,Yes,
35,No_Sample,Spider_Cream_Smooth,Arachnida,Araneae,NA,NA,NA,NA,Spider,Order,Predator,NA,Unknown,Unknown,NA,Yes,
36,No_Sample,White_Butterfly,Insecta,Lepidoptera,Pieridae,Pieris,rapae,Pieris_rapae,Cabbage_White_Butterfly,Species,Herbivore,Unknown,NA,Introduced,NA,Yes,
37,No_Sample,Black_Green_Caterpillar,Insecta,Lepidoptera,NA,NA,NA,NA,Caterpillar,Order,Herbivore,Unknown,NA,Unknown,NA,Yes,
38,No_Sample,Small_Black_Beetle,Insecta,Coleoptera,NA,NA,NA,NA,Beetle,Order,Unknown,Unknown,NA,Unknown,NA,Yes,
39,No_Sample,Spur-throated_Locust,Insecta,Orthoptera,Acrididae,Austracris,guttulosa,Austracris_guttulosa,Spur-throated_Locust,Species,Herbivore,Unknown,NA,Native,NA,Yes,
40,No_Sample,Serpintine_Leaf_Miner,Insecta,Diptera,Agromyzidae,Liriomyza,brassicae,Liriomyza_brassicae,Serpintine_Leaf_Miner,Species,Herbivore,Unknown,NA,Introduced,NA,Yes,
41,No_Sample,Brown_Weevil,Insecta,Coleoptera,Curculionoidea,NA,NA,NA,Weevil,Family,Herbivore,Unknown,NA,Unknown,NA,Yes,
42,No_Sample,Small_Ant,Insecta,Hymenoptera,Formicidae,NA,NA,NA,Ant,Family,Unknown,Unknown,NA,Unknown,NA,Yes,
43,No_Sample,Spider_Unknown,Arachnida,Araneae,NA,NA,NA,NA,Spider_Various,Order,Predator,NA,Unknown,Unknown,NA,NA,From first survey before I actually started to do Morphosepceis i.e. can be used for spatial and pred vs non-pred analysis but that first survey can't be included for more detailed analysis like biodiversity
44,No_Sample,Honey_Bee,Insecta,Hymenoptera,Apidae,Apis,mellifera,Apis_mellifera,Honey_Bee,Species,Pollinator,Unknown,NA,Introduced,NA,Yes,
45,No_Sample,Spider_Small_Orange,Arachnida,Araneae,NA,NA,NA,NA,Spider,Order,Predator,NA,Unknown,Unknown,NA,Yes,
46,No_Sample,Northern_Grass_Pyrgomorph,Insecta,Orthoptera,Pyrgomorphidae,Atractomorpha,similis,Atractomorpha_similis,Northern_Grass_Pyrgomorph,Species,Herbivore,Unknown,NA,Native,NA,Yes,
47,No_Sample,Orb_Weaving_Medium,Arachnida,Araneae,Araneidae,NA,NA,NA,Orb_Weaving_Spiders,Family,Predator,NA,Web,Native,NA,Yes,
48,No_Sample,Australian_Bluetail,Insecta,Odonata,Coenagrionidae,Ischnura,heterosticta,Ischnura_heterosticta,Australian_Bluetail,Species,Predator,Unknown,Hawking,Native,NA,Yes,
49,No_Sample,Butterfly_Orange_Black,Insecta,Lepidoptera,Nymphalidae,NA,NA,NA,Brush-Footed_Butterflies,Family,Herbivore,Unknown,NA,Unknown,NA,Yes,
50,No_Sample,Fly_4,Insecta,Diptera,NA,NA,NA,NA,Fly,Order,Unknown,Unknown,NA,Unknown,NA,Yes,
51,34,Aphid_Green,Insecta,Hemiptera,Aphididae,NA,NA,NA,Aphid,Family,Herbivore,0-2.5,NA,Unknown,5 & 222,Yes,
52,59,Green_Vegetable_Bug,Insecta,Hemiptera,Pentatomidae,Nezara,viridula,Nezara_viridula,Green_Vegetable_Bug,Species,Herbivore,20-30,NA,Introduced,"31, 200, 206, 208, 219 & 221",Yes,
53,22,Seed_Bugs&Allies_sp.,Insecta,Hemiptera,Oxycarenidae,NA,NA,NA,Seed_Bugs_and_Allies,Family,Herbivore,2.5-5,NA,Unknown,NA,Yes,
54,60,Whitefly,Insecta,Hemiptera,Aleyrodidae,NA,NA,NA,Whitefly,Family,Herbivore,0-2.5,NA,Unknown,209,Yes,
55,29,Variable_Ladybug,Insecta,Coleoptera,Coccinellidae,Coelophora,inaequalis,Coelophora_inaequalis,Variable_Ladybug,Species,Predator,2.5-5,Active_Hunting,Native,NA,Yes,
56,26b,Red_Blue_Beetle,Insecta,Coleoptera,Melyridae,Dicranolaius,bellulus,Dicranolaius_bellulus,Red_and_Blue_Beetle,Species,Predator,5-10,Active_Hunting,Native,NA,Yes,
57,66,Hoverfly,Insecta,Diptera,Syrphidae,NA,NA,NA,Hoverfly,Family,Predator,5-10,Active_Hunting,Unknown,166,Yes,
58,9,Sword_Tailed_Cricket_Sp.,Insecta,Orthoptera,Trigonidiidae,Trigonidium,NA,NA,Sword_Tailed_Cricket,Genus,Ominvore,5-10,NA,Unknown,NA,Yes,
59,16,Lean_Lynx_Spider,Arachnida,Araneae,Oxyopidae,Oxyopes,macilentus,Oxyopes_macilentus,Lean_Lynx_Spider,Species,Predator,NA,Ambush_Hunter,Native,NA,Yes,
60,20,Orb_Weaving_Small,Arachnida,Araneae,Araneidae,NA,NA,NA,Orb_Weaving_Spiders,Family,Predator,NA,Web,Native,79 & 168,Yes,
61,39,Green_Lacewing,Insecta,Neuroptera,Chrysopidae,NA,NA,NA,Green_Lacewing,Family,Predator,2.5-5,NA,Native,195 & 154,Yes,size based on nymph (no adults caught)
62,40,Wolf_spider,Arachnida,Araneae,Lycosidae ,NA,NA,NA,Wolf_Spiders,Family,Predator,NA,Ambush_Hunter,Unknown,NA,Yes,
63,145,Caterpillar_1,Insecta,Lepidoptera,NA,NA,NA,NA,Caterpillar,Order,Herbivore,2.5-5,NA,NA,NA,Yes,Colour leached a bit in sample
64,63,Pacific_Damsel_Bug,Insecta,Hemiptera,Nabidae,Nabis,kinbergii,Nabis_kinbergii,Pacific_Damsel_Bug,Family,Predator,5-10,Active_Hunting,Native,NA,Yes,
65,72,Black_Weevil,Insecta,Coleoptera,Brentidae,NA,NA,NA,Weevil,Family,Herbivore,2.5-5,NA,Native,NA,Yes,
66,77,Brown_Lacewing,Insecta,Neuroptera,Hemerobiidae ,Micromus,NA,NA,Brown_Lacewing,Genus,Predator,5-10,Active_Hunting,Native,"159, 90",Yes,Size based on adult
67,101,Transverse_Ladybug,Insecta,Coleoptera,Coccinellidae,Coccinella,transversalis,Coccinella_transversalis,Transverse_Ladybug,Species,Predator,2.5-5,Active_Hunting,Native,NA,Yes,
68,109,Heliocheilus,Insecta,Lepidoptera,Noctuidae,Heliocheilus,NA,NA,Heliocheilus,Genus,Herbivore,5-10,NA,Native,NA,Yes,
69,119,Striped_Ladybug,Insecta,Coleoptera,Coccinellidae,Micraspis,frenata,Micraspis_frenata,Striped_Ladybug,Species,Predator,5-10,Active_Hunting,Native,129,Yes,
70,126,Silver_Orb_Spider,Arachnida,Araneae,Tetragnathidae,Leucauge,dromedaria,Leucauge_dromedaria,Silver_Orb_Spider,Species,Predator,NA,Web,Native,136 & 52,Yes,
71,132,Longlegged_Sac_Spider,Arachnida,Araneae,Cheiracanthiidae,Cheiracanthium,NA,NA,Longlegged_Sac_Spider,Species,Predator,NA,Unknown,Unknown,"175a, 175b, 62, 156",Yes,
72,137,Minute_Two-spotted_Ladybird,Insecta,Coleoptera,Coccinellidae,Diomus,notescens,Diomus_notescens,Minute_Two-spotted_Ladybird,Species,Predator,0-2.5,Active_Hunting,Native,NA,Yes,
73,139,Tobacco_Looper,Insecta,Lepidoptera,Noctuidae,Chrysodeixis,argentifera,Chrysodeixis_argentifera,Tobacco_Looper,Species,Herbivore,5-10,NA,Native,NA,Yes,
74,144,Spotted_Amber_Ladybird,Insecta,Coleoptera,Coccinellidae,Hippodamia,variegata,Hippodamia_variegata,Spotted_Amber_Ladybird,Species,Predator,5-10,Active_Hunting,Introduced,"149,160,105",Yes,
75,151,Jumping_Spider_1,Arachnida,Araneae,Salticidae,NA,NA,NA,Jumping_Spider,Family,Predator,NA,Active_Hunting,Unknown,NA,Yes,
76,157,Sooty_Christmas_Spider,Arachnida,Araneae, Araneidae,Austracantha,lugubris,Austracantha_minax_ssp._lugubris,Christmas_Spider,Species,Predator,NA,Web,Native,NA,Yes,
77,162,Flea_Beetle,Insecta,Coleoptera,Chrysomelidae,Asphaera,NA,NA,Flea_Beetle,Genus,Herbivore,2.5-5,NA,Unknown,NA,Yes,
78,201,Mottled_Brown_Leaf_Hopper,Insecta,Hemiptera,Cicadellidae,Orosius,NA,NA,Leafhopper_Orosius_Spp.,Genus,Herbivore,2.5-5,NA,Native,NA,Yes,Double check this ID and that it makes sense from photos  and if I can actually get a species from this
79,No_Sample,Ichneumonid_Wasp,Insecta,Hymenoptera,Ichneumonidae,Lissonota,macqueeni,Lissonota_macqueeni,Ichneumonid_Wasp,Species,Parasite,Unknown,Active_Hunting,Unknown,NA,Yes,
80,164,Cosmet_Moth_sp.,Insecta,Lepidoptera,Cosmopterigidae,Cosmopterix,macrula,Cosmopterix_macrula,Cosmet_Moth,Species,Herbivore,2.5-5,NA,Native,NA,Yes,
81,153,Salsa_sp.,Arachnida,Araneae,Araneidae,Salsa,NA,NA,Typical_Orbweaver,Genus,Predator,NA,Web,Native,NA,Yes,
82,196,Maculate_Ladybird,Insecta,Coleoptera,Coccinellidae,Harmonia,octomaculata,Harmonia_octomaculata,Maculate_Ladybird,Species,Predator,5-10,Active_Hunting,Native,NA,Yes,
83,202,Rosopaella_Leafhopper,Insecta,Hemiptera,Cicadellidae,Rosopaella,leurensis,Rosopaella_leurensis,Rosopaella_Leafhopper,Species,Herbivore,5-10,NA,Native,38,Yes,
84,185,Orchid_Dupe_Wasp,Insecta,Hymenoptera,Ichneumonidae,Lissopimpla,excelsa,Lissopimpla_excelsa,Orchid_Dupe_Wasp,Species,Parasite,15-20,Active_Hunting,Native,NA,Yes,
85,197,Rutherglen_Bug,Insecta,Hemiptera,Lygaeidae,Nysius,vinitor,Nysius_vinitor,Rutherglen_Bug,Species,Herbivore,2.5-5,NA,Native,161,Yes,
86,188,Angulate_Pointed,Arachnida,Araneae,Araneidae,Araneus,NA,NA,Angulate_and_Roundshouldered_Orbweavers,Genus,Predator,NA,NA,Unknown,NA,Yes,
87,192,Asian_Woolly_Hackberry_Aphid,Insecta,Hemiptera,Aphididae,Shivaphis,celti,Shivaphis_celti,Asian_Woolly_Hackberry_Aphid,Species,Herbivore,0-2.5,NA,Introduced,NA,Yes,
88,203,Green_Mirid,Insecta,Hemiptera,Miridae,Creontiades,dilutus,Creontiades_dilutus,Green_Mirid,Species,Herbivore,5-10,NA,Native,NA,Yes,
89,No_Sample,White_Moth_Medium,Insecta,Lepidoptera,NA,NA,NA,NA,Moth,Order,Herbivore,Unknown,NA,Unknown,NA,Yes,
90,No_Sample,Tiny_Pale_Spider,Arachnida,Araneae,NA,NA,NA,NA,Spider,Order,Predator,NA,Unknown,Unknown,NA,Yes,
91,No_Sample,Green_Red_Dragonfly,Insecta,Odonata,NA,NA,NA,NA,Dragonfly,Order,Predator,Unknown,Hawking,Unknown,NA,Yes,
92,No_Sample,Small_Black_Spider_3,Arachnida,Araneae,NA,NA,NA,NA,Spider,Order,Predator,NA,Unknown,Unknown,NA,Yes,
93,No_Sample,Small_Black_White_Spider,Arachnida,Araneae,NA,NA,NA,NA,Spider,Order,Predator,NA,Unknown,Unknown,NA,Yes,
94,No_Sample,White_Moth_Medium_2,Insecta,Lepidoptera,NA,NA,NA,NA,Moth,Order,Herbivore,Unknown,NA,Unknown,NA,Yes,
95,236,Christmas_Jewel_Spider,Arachnida,Araneae,Araneidae,Austracantha,minax,Austracantha_minax,Christmas_Jewel_Spider,Species,Predator,NA,Web,Native,NA,Yes,Endemic to Australia
96,220,Spider_Abdomen_Patterned,Arachnida,Araneae,Araneidae,NA,NA,NA,Orb_Weaver,Family,Predator,NA,Web,Unknown,NA,Yes,"Sample damaged in capture, didn't realise until back in the lab, no abdomen left"
97,225,Potato_Tuber_Moth,Insecta,Lepidoptera,Gelechiidae,Phthorimaea,operculella,Phthorimaea_operculella,Potato_Tuber_Moth,Species,Herbivore,2.5-5,NA,Introduced,NA,Yes,
98,232,Shiny_Flea_Beetle,Insecta,Coleoptera,Chrysomelidae,Asphaera,lustrans,Asphaera_lustrans,Shiny_Flea_Beetle,Species,Herbivore,2.5-5,NA,Introduced,NA,Yes,
99,217,Straight-snouted_Weevil_sp.,Insecta,Coleoptera,Brentidae,Austronanodes,nigrovarius,Austronanodes_nigrovarius,Straight-snouted_Weevil,Species,Herbivore,0-2.5,NA,Native,207,Yes,
100,226,Hairy_Fungus_Beetle,Insecta,Coleoptera,Mycetophagidae,Typhaea,stercorea,Typhaea_stercorea,Hairy_Fungus_Beetle,Species,Fungivore,2.5-5,NA,Introduced,NA,Yes,
101,223,Ladybug,Insecta,Coleoptera,Coccinellidae,NA,NA,NA,Ladybug,Family,Predator,2.5-5,NA,Unknown,NA,Yes,
102,227,Striped_Orb_Weaver,Arachnida,Araneae,Araneidae,NA,NA,NA,Orb_Weaver,Family,Predator,NA,Web,Unknown,65 & 228,Yes,Missing Sample 
103,135,Tiny_White_Caterpillar,Insecta,Lepidoptera,NA,NA,NA,NA,Butterfly/Moth,Order,Herbivore,0-2.5,NA,Unknown,NA,Yes,
104,211,Australian_Plague_Locust,Insecta,Orthoptera,Acrididae,Chortoicetes,terminifera,Chortoicetes_terminifera,Australian_Plague_Locust,Species,Herbivore,>30,NA,Native,NA,Yes,"Sample damaged, one leg is dettached"
105,125,Long-jawed_Orbweaver_sp.,Arachnida,Araneae,Tetragnathidae,NA,NA,NA,Long-jawed_Orbweaver,Family,Predator,NA,Web,Unknown,NA,Yes,Missing Sample 
106,180,Common_House_Fly,Insecta,Diptera,Muscidae,Musca,domestica,Musca_domestica,Common_House_Fly,Species,Ominvore,2.5-5,NA,Introduced,44 & 81,Yes,
107,3,Minute_Brown_Scavenger_Beetle_sp._1,Insecta,Coleoptera,Latridiidae,NA,NA,NA,Minute_Brown_Scavenger_Beetle,Family,Fungivore,0-2.5,NA,Unknown,NA,Yes,
108,107b,Minute_Brown_Scavenger_Beetle_sp._2,Insecta,Coleoptera,Latridiidae,NA,NA,NA,Minute_Brown_Scavenger_Beetle,Family,Fungivore,0-2.5,NA,Unknown,NA,Yes,
109,165,Cartodere_bifasciata_Minute_Brown_Scavenger_Beetle,Insecta,Coleoptera,Latridiidae,Cartodere,bifasciata,Cartodere_bifasciata,Cartodere_bifasciata_Minute_Brown_Scavenger_Beetle,Species,Fungivore,0-2.5,NA,Native,NA,Yes,
110,32,Minute_Brown_Scavenger_Beetle_sp._3,Insecta,Coleoptera,Latridiidae,NA,NA,NA,Minute_Brown_Scavenger_Beetle,Family,Fungivore,0-2.5,NA,Unknown,58,Yes,
111,178,Litargops_multiguttatus,Insecta,Coleoptera,Mycetophagidae,Litargops,multiguttatus,Litargops_multiguttatus,Hairy_Fungus_Beetle,Species,Fungivore,0-2.5,NA,Native,NA,Yes,
112,107a,Garden_Jumping_Spider_Sp.,Arachnida,Araneae,Salticidae,Opisthoncus,NA,NA,Garden Jumping Spider,Genus,Predator,NA,Active_Hunting,Unknown,NA,Yes,
113,1,Mosquito_sp.,Insecta,Diptera,Culicidae,NA,NA,NA,Mosquito,Family,Hematophagous,2.5-5,Active_Hunting,Unknown,NA,Yes,
114,2,Fly_Orange,Insecta,Diptera,NA,NA,NA,NA,Fly,Order,Unknown,0-2.5,NA,Unknown,35 & 46,Yes,
115,4,Black_Psylloid,Insecta,Hemiptera,Psylloidea,NA,NA,NA,Psylloid,Superfamily,Herbivore,0-2.5,NA,Unknown,NA,Yes,Sample a little damaged
116,170,Rove_Bettle_sp.,Insecta,Coleoptera,Paederinae,NA,NA,NA,Rove_Beetle,Subfamily,Predator,2.5-5,Active_Hunting,Unknown,NA,Yes,
117,172,Sword_Tailed_Cricket_Sp.2,Insecta,Orthoptera,Trigonidiidae,Trigonidium,NA,NA,Sword_Tailed_Cricket,Genus,Ominvore,5-10,NA,Unknown,NA,Yes,
118,182,Common_Gea,Arachnida,Araneae,Araneidae,Gea,theridioides,Gea_theridioides,Common_Gea,Species,Predator,NA,Web,Native,NA,Yes,
119,204,Angulate_and_Roundshouldered_Orbweavers_Sp.,Arachnida,Araneae,Araneidae,Araneus,NA,NA,Angulate_and_Roundshouldered_Orbweavers,Genus,Predator,NA,Web,Unknown,NA,Yes,
120,30,Non-biting_Midge_Sp._1,Insecta,Diptera,Chironomidae,NA,NA,NA,Non-biting_Midge,Family,Ominvore,5-10,NA,Unknown,NA,Yes,Sample a little damaged - lost two legs
121,100,Non-biting_Midge_Sp._2,Insecta,Diptera,Chironomidae,Chironomus,nepeanensis,Chironomus_nepeanensis,Non-biting_Midge,Species,Ominvore,5-10,NA,Native,NA,Yes,
122,128b,Mosquito_sp._2,Insecta,Diptera,Culicidae,NA,NA,NA,Mosquito,Family,Hematophagous,5-10,Active_Hunting,Unknown,NA,Yes,
123,239,Aphid_Orange,Insecta,Hemiptera,Aphididae,NA,NA,NA,Aphid,Family,Herbivore,2.5-5,NA,Unknown,49,Yes,
124,238,White_Bug,Insecta,Hemiptera,NA,NA,NA,NA,True_Bug,Order,Unknown,0-2.5,NA,Unknown,NA,Yes,
125,27a,Black_Fly_2,Insecta,Diptera,NA,NA,NA,NA,Fly,Order,Unknown,0-2.5,NA,Unknown,NA,Yes,
126,24a,Seed_Bugs&Allies_sp.2,Insecta,Hemiptera,Oxycarenidae,NA,NA,NA,Seed_Bugs_and_Allies,Family,Herbivore,0-2.5,NA,Unknown,NA,Yes,
127,8,Small_Fly,Insecta,Diptera,NA,NA,NA,NA,Fly,Order,Unknown,2.5-5,NA,Unknown,NA,Yes,Check under microscope if this has two or four wings (If it's four wings then it's a native bee instead of a fly)
128,134,Caterpillar_2,Insecta,Lepidoptera,NA,NA,NA,NA,Caterpillar,Order,Herbivore,2.5-5,NA,Unknown,91,Yes,
129,74,Moth_Pupa,Insecta,Lepidoptera,NA,NA,NA,NA,Moth Pupa,Order,Herbivore,0-2.5,NA,Unknown,NA,Yes,Sample damaged after I took pictures and was transferring back into tube
130,75,Caterpillar_3,Insecta,Lepidoptera,NA,NA,NA,NA,Caterpillar,Order,Herbivore,5-10,NA,Unknown,NA,Yes,
131,120,Caterpillar_4,Insecta,Lepidoptera,NA,NA,NA,NA,Caterpillar,Order,Herbivore,5-10,NA,Unknown,NA,Yes,
132,86,Parasitic_Wasp_Grub,Insecta,Hymenoptera,NA,NA,NA,NA,Parasitic_Wasp_Grub,Order,Parasite,5-10,Unknown,Unknown,NA,Yes,
133,NA,Medium_White_Spider,Arachnida,Araneae,NA,NA,NA,NA,Spider,Order,Predator,NA,Unknown,Unknown,NA,Yes,This was the spider with the above parasitic grub on it and was consumed by the time I made it back to the lab and only the grub was left
134,111,Brown_Hemi,Insecta,Hemiptera,NA,NA,NA,NA,True_Bug,Order,Unknown,0-2.5,NA,Unknown,NA,Yes,
135,138,Thread_Bug,Insecta,Hemiptera,Reduviidae,Empicoris,rubromaculatus,Empicoris_rubromaculatus,Thread_Bug,Species,Predator,2.5-5,Active_Hunting,Native,NA,Yes,
136,124,Black_Spider_2,Arachnida,Araneae,NA,NA,NA,NA,Spider,Order,Predator,NA,Unknown,Unknown,NA,Yes,Sample damaged
137,133,Coleoptera_Larvae,Insecta,Coleoptera,NA,NA,NA,NA,Coleoptera_Larvae,Order,Unknown,2.5-5,NA,Unknown,NA,Yes,
138,6,Dark_Mottled_Spider,Arachnida,Araneae, Araneidae,NA,NA,NA,Orb_Weaver,Family,Predator,NA,Web,Unknown,18,Yes,
139,7,Sheet_Dwarf_sp.,Arachnida,Araneae,Linyphiidae,NA,NA,NA,Sheetweb_and_Dwarf_Weavers,Family,Predator,NA,Web,Unknown,"55, 27b",Yes,
140,10,Typical_Orbweaver_sp.,Arachnida,Araneae,Araneidae,NA,NA,NA,Typical_Orbweaver,Family,Predator,NA,Web,Unknown,NA,Yes,
141,12,Small_Brown_Spider,Arachnida,Araneae,Araneidae,NA,NA,NA,Orb_Weaver,Family,Predator,NA,Web,Unknown,NA,Yes,
142,13,Leaf-curling_Orbweaver_sp.,Arachnida,Araneae,Phonognathidae,NA,NA,NA,Leaf-curling_Orbweavers,Family,Predator,NA,Web,Unknown,171,Yes,
143,14,Small_Brown_Spider_2,Arachnida,Araneae,Araneidae,NA,NA,NA,Orb_Weaver,Order,Predator,NA,Web,Unknown,NA,Yes,
144,15,Small_Brown_Spider_3,Arachnida,Araneae,Araneidae,NA,NA,NA,Orb_Weaver,Order,Predator,NA,Web,Unknown,98,Yes,
145,17,Brown_Spider,Arachnida,Araneae,NA,NA,NA,NA,Spider,Order,Predator,NA,Unknown,Unknown,"26a, 37, 56, 82 & 130",Yes,
146,19,Angulate_and_Roundshouldered_Orbweavers_Sp._2,Arachnida,Araneae,Araneidae,Araneus,NA,NA,Angulate_and_Roundshouldered_Orbweavers,Genus,Predator,NA,Web,Unknown,28b,Yes,
147,76,Fly_Orange_2,Insecta,Diptera,NA,NA,NA,Na,Fly,Order,Unknown,2.5-5,NA,Unknown,NA,Yes,
148,115,Jumping_Spider_2,Arachnida,Araneae,Salticidae,NA,NA,NA,Jumping_Spider,Family,Predator,NA,Active_Hunting,Unknown,NA,Yes,
149,21,Brown_Spider_Small,Arachnida,Araneae,NA,NA,NA,NA,Spider,Order,Predator,NA,Unknown,Unknown,NA,Yes,
150,23,Orb_Weaver_Pale,Arachnida,Araneae,Araneidae,NA,NA,NA,Orbweaver,Family,Predator,NA,Web,Unknown,NA,Yes,
151,24b,Angulate_and_Roundshouldered_Orbweavers_Sp._3,Arachnida,Araneae,Araneidae,Araneus,NA,NA,Angulate_and_Roundshouldered_Orbweavers,Genus,Predator,NA,Web,Unknown,NA,Yes,
152,25a,Black_Brown_Spider,Arachnida,Araneae,NA,NA,NA,NA,Spider,Order,Predator,NA,Unknown,Unknown,NA,Yes,The sample is a little missahpen on ab from tweezers
153,25b,Triangular_Headed_Spider,Arachnida,Araneae,NA,NA,NA,NA,Spider,Order,Predator,NA,Unknown,Unknown,NA,Yes,
154,28a,Sheet_Dwarf_sp._2,Arachnida,Araneae,Linyphiidae,NA,NA,NA,Sheetweb_and_Dwarf_Weavers,Family,Predator,NA,Web,Unknown,NA,Yes,
155,33,Brown_Spider_2,Arachnida,Araneae,NA,NA,NA,NA,Spider,Order,Predator,NA,Unknown,Unknown,NA,Yes,
156,36,Fly_With_Pale_Under_Abdomen,Insecta,Diptera,Muscidae,NA,NA,NA,House_Fly_and_Allies,Family,Unknown,0-2.5,NA,Unknown,NA,Yes,
157,42,Hairy_Fungus_Beetle_Sp.,Insecta,Coleoptera,Mycetophagidae,NA,NA,NA,Hairy_Fungus_Beetle,Family,Fungivore,0-2.5,NA,Unknown,NA,Yes,
158,43,Brown_Fly,Insecta,Diptera,NA,NA,NA,NA,Fly,Order,Unknown,0-2.5,NA,Unknown,NA,Yes,
159,45,Non-biting_Midge_Black,Insecta,Diptera,Chironomidae,NA,NA,NA,Non-biting_Midge,Family,Unknown,2.5-5,NA,Unknown,NA,Yes,
160,47,Tiny_Hemi,Insecta,Hemiptera,NA,NA,NA,NA,True_Bug,Order,Unknown,0-2.5,NA,Unknown,NA,Yes,
161,48,Mite_sp._1,Arachnida,NA,NA,NA,NA,NA,Aracnid,Class,Unknown,0-2.5,NA,Unknown,NA,Yes,
162,50,Ninja-star_Ceiling_Spider,Arachnida,Araneae,Uloboridae,Zosis,geniculata,Zosis_geniculata,Ninja-star_Ceiling_Spider,Species,Predator,NA,Web,Introduced,NA,Yes,
163,51,Ray_Orbweaver_sp.,Arachnida,Araneae,Theridiosomatidae,NA,NA,NA,Ray_Orbweaver_sp.,Family,Predator,NA,Web,Unknown,216 & 237,Yes,
164,53,Shiny_Flower_Beetle_sp.,Insecta,Coleoptera,Phalacridae,NA,NA,NA,Shiny_Flower_Beetle,Family,Fungivore,0-2.5,NA,Unknown,NA,Yes,
165,54,Orbweaver_Black_White,Arachnida,Araneae,Araneidae,NA,NA,NA,Orbweaver,Family,Predator,NA,Web,Unknown,"184, 210",Yes,
166,57,Mosquito_sp._3,Insecta,Diptera,Culicidae,NA,NA,NA,Mosquito,Family,Hematophagous,0-2.5,Active_Hunting,Unknown,NA,Yes,Sample damaged - one wing not attached
167,11,Pale_Spider,Arachnida,Araneae,NA,NA,NA,NA,Spider,Order,Predator,NA,NA,Unknown,67 & 142,Yes,
168,61,Dark_Spider,Arachnida,Araneae,NA,NA,NA,NA,Spider,Order,Predator,NA,NA,Unknown,NA,Yes,
169,64,Leaf_Hopper_Pale_Green,Insecta,Hemiptera,Cicadellidae,NA,NA,NA,Leaf Hopper,Family,Herbivore,0-2.5,NA,Unknown,NA,Yes,
170,70,Pale_Brown_Spider,Arachnida,Araneae,NA,NA,NA,NA,Spider,Order,Predator,NA,Unknown,Unknown,NA,Yes,
171,71,Brown_Moth,Insecta,Lepidoptera,NA,NA,NA,NA,Moth,Order,Herbivore,5-10,NA,Unknown,NA,Yes,
172,41,Pale_Spider_2,Arachnida,Araneae,NA,NA,NA,NA,Spider,Order,Predator,NA,NA,Unknown,NA,Yes,
173,69,Narrow-waisted_Wasp_sp.,Insecta,Hymenoptera,Scelionidae,NA,NA,NA,Narrow-waisted_Wasp,Family,Parasite,0-2.5,Active_Hunting,Unknown,NA,Yes,
174,78,Black_Wasp,Insecta,Hymenoptera,NA,NA,NA,NA,Wasp,Order,Parasite,2.5-5,Active_Hunting,Unknown,NA,Yes,
175,87,Lynx_Spider_sp.,Arachnida,Araneae,Oxyopidae,NA,NA,NA,Lynx_Spider,Family,Predator,NA,Ambush_Hunter,Unknown,NA,Yes,
176,103,Mosquito_sp._4,Insecta,Diptera,Culicidae,NA,NA,NA,Mosquito,Family,Hematophagous,0-2.5,Unknown,Unknown,NA,Yes,
177,241,Orange_Headed_Spider,Arachnida,Araneae,NA,NA,NA,NA,Spider,Order,Predator,NA,Web,Unknown,NA,Yes,"Found in a web, Sample damaged - small section of mould on the bottom of one leg"
178,193,Abnormal_Head_Spider,Arachnida,Araneae,NA,NA,NA,NA,Spider,Order,Predator,NA,Unknown,Unknown,NA,Yes,NEED TO DOUBLE CHECK IF IT'S IN SAMPLES - when I was sorting before I couldn't find it to move into the new container
179,194,Sheet_Dwarf_sp._3,Arachnida,Araneae,Linyphiidae,NA,NA,NA,Sheetweb_and_Dwarf_Weavers,Family,Predator,NA,Web,Unknown,NA,Yes,
180,179,Fly_Pale_Underneath,Insecta,Diptera,NA,NA,NA,NA,Fly,Order,Unknown,2.5-5,NA,Unknown,NA,Yes,
181,167,Striped_Lynx_Spider,Arachnida,Araneae,Oxyopidae,Oxyopes,salticus,Oxyopes_salticus,Striped_Lynx_Spider,Species,Predator,NA,Ambush_Hunter,Native,148 & 116,Yes,
182,155,Sheet_Dwarf_Elongated,Arachnida,Araneae,Linyphiidae,NA,NA,NA,Sheetweb_and_Dwarf_Weavers,Family,Predator,NA,Web,Unknown,113b,Yes,113b sampled damaged - head
183,73,Mite_sp._2,Arachnida,NA,NA,NA,NA,NA,Mite,Class,Unknown,0-2.5,NA,Unknown,NA,Yes,
184,83,Dark_Brown_Hemi,Insecta,Hemiptera,NA,NA,NA,NA,True_Bug,Order,Unknown,0-2.5,NA,Unknown,NA,Yes,
185,84,Aphid_Clear,Insecta,Hemiptera,Aphididae,NA,NA,NA,Aphid,Family,Herbivore,0-2.5,NA,Unknown,NA,Yes,
186,85,Sheet_Dwarf_Sp. 4,Arachnida,Araneae,Linyphiidae,NA,NA,NA,Sheetweb_and_Dwarf_Weavers,Family,Predator,NA,Web,Unknown,NA,Yes,
187,89,Orbweaver_Thick_Line,Arachnida,Araneae,Araneidae,NA,NA,NA,Orbweaver,Family,Predator,NA,Web,Unknown,NA,Yes,
188,92,Fly_Brown,Insecta,Diptera,NA,NA,NA,NA,Fly,Order,Unknown,2.5-5,NA,Unknown,NA,Yes,
189,93,Fly_Black,Insecta,Diptera,NA,NA,NA,NA,Fly,Order,Unknown,2.5-5,NA,Unknown,234,Yes,
190,95,Brown_Wasp,Insecta,Hymenoptera,NA,NA,NA,NA,Wasp,Order,Parasite,0-2.5,Active_Hunting,Unknown,NA,Yes,
191,110,Brown_Leaf_Hopper,Insecta,Hemiptera,Cicadellidae,NA,NA,NA,Leafhopper,Family,Herbivore,0-2.5,NA,Unknown,NA,Yes,
192,117,Non-biting_Midge_Sp._3,Insecta,Diptera,Chironomidae,NA,NA,NA,Non-biting_Midge,Family,Ominvore,2.5-5,NA,Unknown,NA,Yes,
193,141,Aphid_Red,Insecta,Hemiptera,Aphididae,NA,NA,NA,Aphid,Family,Herbivore,0-2.5,NA,Unknown,NA,Yes,
194,113a,Caterpillar_5,Insecta,Lepidoptera,NA,NA,NA,NA,Caterpillar,Order,Herbivore,10-15,NA,Unknown,121a,Yes,
195,163,Brown_Weevil_2,Insecta,Coleoptera,Curculionoidea,NA,NA,NA,Weevil,Family,Herbivore,Unknown,NA,Unknown,NA,Yes,
196,158,Coon_Bug,Insecta,Hemiptera, Oxycarenidae,Oxycarenus,arctatus,Oxycarenus_arctatus,Coon_bug,Species,Herbivore,2.5-5,NA,Native,NA,Yes,
197,183,Narrow-waisted_Wasp_sp.2,Insecta,Hymenoptera,Diapriidae,NA,NA,NA,Narrow-waisted_Wasp,Family,Parasite,2.5-5,Active_Hunting,Unknown,NA,Yes,
198,205,Mosquito_sp._5,Insecta,Diptera,Culicidae,NA,NA,NA,Mosquito,Family,Hematophagous,2.5-5,NA,Unknown,NA,Yes,
199,68,Pale_Spider_3,Arachnida,Araneae,NA,NA,NA,NA,Spider,Order,Predator,NA,Unknown,Unknown,NA,Yes,Sample damaged
200,80,Angulate_Spotted,Arachnida,Araneae,Araneidae,Araneus,NA,NA,Angulate_and_Roundshouldered_Orbweavers,Genus,Predator,NA,Web,Unknown,NA,Yes,
201,94,Ray_Orbweaver_sp.2,Arachnida,Araneae,Theridiosomatidae,NA,NA,NA,Ray_Orbweaver_sp.,Family,Predator,NA,Web,Unknown,NA,Yes,
202,99,Fly_Pale_Brown,Insecta,Diptera,NA,NA,NA,NA,Fly,Order,Unknown,0-2.5,NA,Unknown,NA,Yes,
203,114,Fire_&_Thief_Ant_sp.,Insecta,Hymenoptera,Formicidae,Solenopsis,NA,NA,Fire_&_Thief_Ants,Genus,Ominvore,5-10,NA,Unknown,NA,Yes,
204,122,Fly_Small_Black_2,Insecta,Diptera,NA,NA,NA,NA,Fly,Order,Unknown,0-2.5,NA,Unknown,128a,Yes,
205,127,Mite_sp._Black,Arachnida,NA,NA,NA,NA,NA,Mite,Class,Unknown,0-2.5,NA,Unknown,NA,Yes,
206,214,Little_Hemi_2,Insecta,Hemiptera,NA,NA,NA,NA,True_Bug,Order,Unknown,0-2.5,NA,Unknown,NA,Yes,
207,191,Mite_sp._Red,Arachnida,NA,NA,NA,NA,NA,Mite,Class,Unknown,0-2.5,NA,Unknown,NA,Yes,
208,181,Insecta_sp.,Insecta,NA,NA,NA,NA,NA,Insect,Class,Unknown,0-2.5,NA,Unknown,NA,Yes,
209,96,Small_Black_Orb_Weaver,Arachnida,Araneae,Araneidae,NA,NA,NA,Orb_Weaver,Family,Predator,NA,Web,Unknown,NA,Yes,
210,97,Small_Brown_Spider_4,Arachnida,Araneae,Araneidae,NA,NA,NA,Orb_Weaver,Family,Predator,NA,Web,Unknown,NA,Yes,
211,102,Erigone_sp.,Arachnida,Araneae,Linyphiidae,Erigone,NA,NA,Dwarf_Spider,Genus,Predator,NA,Web,Unknown,NA,Yes,
212,147,Grass_Lynx_Spider_sp.,Arachnida,Araneae,Oxyopidae,Oxyopes,NA,NA,Grass_Lynx_Spider,Genus,Predator,NA,Ambush_Hunter,Unknown,NA,Yes,Sample damaged (one leg detacted)
213,104,Spider_Brown_Small,Arachnida,Araneae,NA,NA,NA,NA,Spider,Order,Predator,NA,Unknown,Unknown,NA,Yes,
214,106,Sheet_Dwarf_Sp. 5,Arachnida,Araneae,Linyphiidae,NA,NA,NA,Sheetweb_and_Dwarf_Weavers,Family,Predator,NA,Web,Unknown,NA,Yes,
215,213,Red_Hemiptera_2,Insecta,Hemiptera,NA,NA,NA,NA,True_Bug,Order,Unknown,0-2.5,NA,Unknown,NA,Yes,
216,218,Black_Wasp_2,Insecta,Hymenoptera,Scolebythidae,NA,NA,NA,Wasp,Family,Parasite,2.5-5,Active_Hunting,Unknown,NA,Yes,
217,221,Aphid_Black,Insecta,Hemiptera,Aphididae,Aphis,NA,NA,Aphid (Winged),Genus,Herbivore,0-2.5,NA,Unknown,NA,Yes,
218,177,Angulate_and_Roundshouldered_Orbweavers_Sp._4,Arachnida,Araneae,Araneidae,Araneus,NA,NA,Angulate_and_Roundshouldered_Orbweavers,Genus,Predator,NA,Web,Unknown,140,Yes,
219,108,Spider_Brown_Orb,Arachnida,Araneae,Araneidae,NA,NA,NA,Orbweaver,Family,Predator,NA,Web,Unknown,NA,Yes,
220,112,Spider_Brown_Orb_2,Arachnida,Araneae,Araneidae,NA,NA,NA,Orbweaver,Family,Predator,NA,Web,Unknown,NA,Yes,
221,118,Salsa_sp._2,Arachnida,Araneae,Araneidae,Salsa,NA,NA,Typical_Orbweaver,Genus,Predator,NA,Web,Native,NA,Yes,
222,121b,Sheet_Dwarf_sp._6,Arachnida,Araneae,Linyphiidae,NA,NA,NA,Sheetweb_and_Dwarf_Weavers,Family,Predator,NA,Web,Unknown,NA,Yes,
223,143,Sheet_Dwarf_Elongated_2,Arachnida,Araneae,Linyphiidae,NA,NA,NA,Sheetweb_and_Dwarf_Weavers,Family,Predator,NA,Web,Unknown,NA,Yes,
224,199,Sheet_Dwarf_sp._7,Arachnida,Araneae,Linyphiidae,NA,NA,NA,Sheetweb_and_Dwarf_Weavers,Family,Predator,NA,Web,Unknown,NA,Yes,
225,187,Pale_Spider_4,Arachnida,Araneae,NA,NA,NA,NA,Spider,Order,Predator,NA,Unknown,Unknown,NA,Yes,
226,123,Pale_Spider_5,Arachnida,Araneae,NA,NA,NA,NA,Spider,Order,Predator,NA,Unknown,Unknown,NA,Yes,
227,131,Sheet_Dwarf_sp._8,Arachnida,Araneae,Linyphiidae,NA,NA,NA,Sheetweb_and_Dwarf_Weavers,Family,Predator,NA,Web,Unknown,NA,Yes,
228,173,Sheet_Dwarf_sp._9,Arachnida,Araneae,Linyphiidae,NA,NA,NA,Sheetweb_and_Dwarf_Weavers,Family,Predator,NA,Web,Unknown,NA,Yes,
229,174,Angulate_Striped_Legs,Arachnida,Araneae,Araneidae,Araneus,NA,NA,Angulate_and_Roundshouldered_Orbweavers,Genus,Predator,NA,Web,Unknown,NA,Yes,
230,186,Spider_Brown_3,Arachnida,Araneae,NA,NA,NA,NA,Spider,Order,Predator,NA,Unknown,Unknown,NA,Yes,sample damaged - head and deflated/lost shape
231,212,Sheet_Dwarf_sp._10,Arachnida,Araneae,Linyphiidae,NA,NA,NA,Sheetweb_and_Dwarf_Weavers,Family,Predator,NA,Web,Unknown,NA,Yes,
232,198,Spider_Small_Brown,Arachnida,Araneae,NA,NA,NA,NA,Spider,Order,Predator,NA,Unknown,Unknown,NA,Yes,
233,146,Comb-footed_Spider_sp.,Arachnida,Araneae,Theridiidae,Anelosimus,NA,NA,Comb-footed Spiders,Genus,Predator,NA,Web,Unknown,NA,Yes,
234,150,Brown_Orbweaver,Arachnida,Araneae,Araneidae,NA,NA,NA,Orbweaver,Family,Predator,NA,Web,Unknown,NA,Yes,
235,152,Pale_Spider_6,Arachnida,Araneae,NA,NA,NA,NA,Spider,Order,Predator,NA,Unknown,Unknown,NA,Yes,
236,169,Brown_Orbweaver_2,Arachnida,Araneae,Araneidae,NA,NA,NA,Spider,Order,Predator,NA,Unknown,Unknown,189,Yes,
237,176,Sheet_Dwarf_Dark_Brown,Arachnida,Araneae,Linyphiidae,NA,NA,NA,Sheetweb_and_Dwarf_Weavers,Family,Predator,NA,Web,Unknown,NA,Yes,
238,190,Pale_Brown_Spider_2,Arachnida,Araneae,NA,NA,NA,NA,Spider,Order,Predator,NA,Unknown,Unknown,NA,Yes,
239,215,Brown_Orbweaver_3,Arachnida,Araneae,Araneidae,NA,NA,NA,Orbweaver,Family,Predator,NA,Web,Unknown,NA,Yes,
240,224,Crab_Spider_sp.,Arachnida,Araneae,Thomisidae,NA,NA,NA,Crab_Spider,Family,Predator,NA,Ambush_Hunter,Unknown,NA,Yes,
241,229,Sheet_Dwarf_sp._11,Arachnida,Araneae,Linyphiidae,NA,NA,NA,Sheetweb_and_Dwarf_Weavers,Family,Predator,NA,Web,Unknown,NA,Yes,
242,230,Brown_Spider_3,Arachnida,Araneae,NA,NA,NA,NA,Spider,Order,Predator,NA,Unknown,Unknown,NA,Yes,
243,231,Spider_Pale_Brown,Arachnida,Araneae,NA,NA,NA,NA,Spider,Order,Predator,NA,Unknown,Unknown,NA,Yes,
244,233,Brown_Orbweaver_4,Arachnida,Araneae,Araneidae,NA,NA,NA,Orbweaver,Family,Predator,NA,Web,Unknown,NA,Yes,
245,235,Tiny_Pale_Spider_Brown,Arachnida,Araneae,NA,NA,NA,NA,Spider,Order,Predator,NA,Unknown,Unknown,NA,Yes,
246,240,Orbweaver_Light_Brown,Arachnida,Araneae,Araneidae,NA,NA,NA,Orbweaver,Family,Predator,NA,Web,Unknown,NA,Yes,
